{"times":[0,1,2,3,4,5,6,7,8,9,10,11,12,13,14,15,16,17,18,19,20,21,22,23,24,25,26,27,28,29,30,31,32,33,34,35,36,37,38,39,40,41,42,43,44,45,46,47,48,49,50,51,52,53,54,55,56,57,58,59,60,61,62,63,64,65,66,67,68,69,70,71,72,73,74,75,76,77,78,79,80,81,82,83,84,85,86,87,88,89,90,91,92,93,94,95,96,97,98,99,100],"timeUnits":"years","series":{"人口":[1000,1020.20134,1040.8107741378,1061.83654646182,1083.28706756132,1105.17091793073,1127.49685140196,1150.27379864606,1173.5108707456,1197.21736283923,1221.40275783984,1246.0767302279,1271.24914992133,1296.9300862236,1323.12981185163,1349.85880704498,1377.12776375809,1404.94758993721,1433.32941388371,1462.28458870558,1491.82469685878,1521.96155478042,1552.70721761547,1584.07398403897,1616.0744011757,1648.72126961914,1682.02764855195,1716.00686096975,1750.67249901053,1786.03842939169,1822.1187989569,1858.92804033502,1896.48087771336,1934.79233272755,1973.87773047037,2013.75270562203,2054.43320870422,2095.93551246055,2138.27621836584,2181.47226326696,2225.54092615778,2270.49983509101,2316.36697422963,2363.16069104081,2410.89970363516,2459.6031082542,2509.2903869091,2559.98141517378,2611.69647013539,2664.45623850539,2718.28182489456,2773.19476025507,2829.21701049321,2886.37098525596,2944.67954689525,3004.16601961313,3064.85419879178,3126.768360512,3189.93327126395,3254.37419785406,3320.11691751214,3387.18772820256,3455.6134591438,3525.42148154054,3596.63971953245,3669.29666136423,3743.42137078131,3819.04349865573,3896.19329484686,3974.90162030179,4055.19995940005,4137.12043254788,4220.69580902673,4305.95952010145,4392.94567239325,4481.6890615228,4572.2251860289,4664.59026156844,4758.82123540307,4854.95580117866,4953.03241400325,5053.09030582955,5155.16950114832,5259.31083299864,5365.55595930173,5473.94737952461,5584.5284516805,5697.34340967257,5812.43738098813,5929.85640475018,6049.64745013371,6171.858435154,6296.53824583441,6423.73675576151,6553.50484603515,6685.89442562155,6820.95845211764,6958.75095293474,7099.3270469103,7242.74296635613,7389.0560795521],"增长率":[0.02,0.02,0.02,0.02,0.02,0.02,0.02,0.02,0.02,0.02,0.02,0.02,0.02,0.02,0.02,0.02,0.02,0.02,0.02,0.02,0.02,0.02,0.02,0.02,0.02,0.02,0.02,0.02,0.02,0.02,0.02,0.02,0.02,0.02,0.02,0.02,0.02,0.02,0.02,0.02,0.02,0.02,0.02,0.02,0.02,0.02,0.02,0.02,0.02,0.02,0.02,0.02,0.02,0.02,0.02,0.02,0.02,0.02,0.02,0.02,0.02,0.02,0.02,0.02,0.02,0.02,0.02,0.02,0.02,0.02,0.02,0.02,0.02,0.02,0.02,0.02,0.02,0.02,0.02,0.02,0.02,0.02,0.02,0.02,0.02,0.02,0.02,0.02,0.02,0.02,0.02,0.02,0.02,0.02,0.02,0.02,0.02,0.02,0.02,0.02,0.02],"净增长":[20,20.4040268,20.8162154827559,21.2367309292363,21.6657413512263,22.1034183586145,22.5499370280391,23.0054759729212,23.470217414912,23.9443472567845,24.4280551567969,24.9215346045581,25.4249829984265,25.938601724472,26.4625962370326,26.9971761408996,27.5425552751618,28.0989517987442,28.6665882776742,29.2456917741115,29.8364939371756,30.4392310956084,31.0541443523093,31.6814796807794,32.3214880235139,32.9744253923829,33.640552971039,34.320137219395,35.0134499802106,35.7207685878339,36.442375979138,37.1785608067004,37.9296175542673,38.695846654551,39.4775546094074,40.2750541124406,41.0886641740844,41.9187102492109,42.7655243673167,43.6294452653392,44.5108185231557,45.4099967018202,46.3273394845926,47.2632138208163,48.2179940727033,49.1920621650839,50.1858077381819,51.1996283034756,52.2339294027077,53.2891247701078,54.3656364978912,55.4638952051015,56.5843402098641,57.7274197051193,58.8935909379051,60.0833203922626,61.2970839758357,62.5353672102401,63.798665425279,65.0874839570813,66.4023383502428,67.7437545640511,69.1122691828761,70.5084296308109,71.932794390649,73.3859332272845,74.8684274156262,76.3808699731146,77.9238658969373,79.4980324060357,81.1039991880011,82.7424086509576,84.4139161805345,86.119190402029,87.8589134478651,89.633781230456,91.444503720578,93.2918052313687,95.1764247080613,97.0991160235733,99.060648280065,101.061806116591,103.103390022966,105.186216659973,107.311119186035,109.478947590492,111.69056903361,113.946868193451,116.248747619763,118.597128095004,120.992949002674,123.43716870308,125.930764916688,128.47473511523,131.070096920703,133.717888512431,136.419169042353,139.175019058695,141.986540938206,144.854859327123,147.781121591042]},"table":[{"_time":0,"人口":1000,"增长率":0.02,"净增长":20},{"_time":1,"人口":1020.20134,"增长率":0.02,"净增长":20.4040268},{"_time":2,"人口":1040.8107741378,"增长率":0.02,"净增长":20.8162154827559},{"_time":3,"人口":1061.83654646182,"增长率":0.02,"净增长":21.2367309292363},{"_time":4,"人口":1083.28706756132,"增长率":0.02,"净增长":21.6657413512263},{"_time":5,"人口":1105.17091793073,"增长率":0.02,"净增长":22.1034183586145},{"_time":6,"人口":1127.49685140196,"增长率":0.02,"净增长":22.5499370280391},{"_time":7,"人口":1150.27379864606,"增长率":0.02,"净增长":23.0054759729212},{"_time":8,"人口":1173.5108707456,"增长率":0.02,"净增长":23.470217414912},{"_time":9,"人口":1197.21736283923,"增长率":0.02,"净增长":23.9443472567845},{"_time":10,"人口":1221.40275783984,"增长率":0.02,"净增长":24.4280551567969},{"_time":11,"人口":1246.0767302279,"增长率":0.02,"净增长":24.9215346045581},{"_time":12,"人口":1271.24914992133,"增长率":0.02,"净增长":25.4249829984265},{"_time":13,"人口":1296.9300862236,"增长率":0.02,"净增长":25.938601724472},{"_time":14,"人口":1323.12981185163,"增长率":0.02,"净增长":26.4625962370326},{"_time":15,"人口":1349.85880704498,"增长率":0.02,"净增长":26.9971761408996},{"_time":16,"人口":1377.12776375809,"增长率":0.02,"净增长":27.5425552751618},{"_time":17,"人口":1404.94758993721,"增长率":0.02,"净增长":28.0989517987442},{"_time":18,"人口":1433.32941388371,"增长率":0.02,"净增长":28.6665882776742},{"_time":19,"人口":1462.28458870558,"增长率":0.02,"净增长":29.2456917741115},{"_time":20,"人口":1491.82469685878,"增长率":0.02,"净增长":29.8364939371756},{"_time":21,"人口":1521.96155478042,"增长率":0.02,"净增长":30.4392310956084},{"_time":22,"人口":1552.70721761547,"增长率":0.02,"净增长":31.0541443523093},{"_time":23,"人口":1584.07398403897,"增长率":0.02,"净增长":31.6814796807794},{"_time":24,"人口":1616.0744011757,"增长率":0.02,"净增长":32.3214880235139},{"_time":25,"人口":1648.72126961914,"增长率":0.02,"净增长":32.9744253923829},{"_time":26,"人口":1682.02764855195,"增长率":0.02,"净增长":33.640552971039},{"_time":27,"人口":1716.00686096975,"增长率":0.02,"净增长":34.320137219395},{"_time":28,"人口":1750.67249901053,"增长率":0.02,"净增长":35.0134499802106},{"_time":29,"人口":1786.03842939169,"增长率":0.02,"净增长":35.7207685878339},{"_time":30,"人口":1822.1187989569,"增长率":0.02,"净增长":36.442375979138},{"_time":31,"人口":1858.92804033502,"增长率":0.02,"净增长":37.1785608067004},{"_time":32,"人口":1896.48087771336,"增长率":0.02,"净增长":37.9296175542673},{"_time":33,"人口":1934.79233272755,"增长率":0.02,"净增长":38.695846654551},{"_time":34,"人口":1973.87773047037,"增长率":0.02,"净增长":39.4775546094074},{"_time":35,"人口":2013.75270562203,"增长率":0.02,"净增长":40.2750541124406},{"_time":36,"人口":2054.43320870422,"增长率":0.02,"净增长":41.0886641740844},{"_time":37,"人口":2095.93551246055,"增长率":0.02,"净增长":41.9187102492109},{"_time":38,"人口":2138.27621836584,"增长率":0.02,"净增长":42.7655243673167},{"_time":39,"人口":2181.47226326696,"增长率":0.02,"净增长":43.6294452653392},{"_time":40,"人口":2225.54092615778,"增长率":0.02,"净增长":44.5108185231557},{"_time":41,"人口":2270.49983509101,"增长率":0.02,"净增长":45.4099967018202},{"_time":42,"人口":2316.36697422963,"增长率":0.02,"净增长":46.3273394845926},{"_time":43,"人口":2363.16069104081,"增长率":0.02,"净增长":47.2632138208163},{"_time":44,"人口":2410.89970363516,"增长率":0.02,"净增长":48.2179940727033},{"_time":45,"人口":2459.6031082542,"增长率":0.02,"净增长":49.1920621650839},{"_time":46,"人口":2509.2903869091,"增长率":0.02,"净增长":50.1858077381819},{"_time":47,"人口":2559.98141517378,"增长率":0.02,"净增长":51.1996283034756},{"_time":48,"人口":2611.69647013539,"增长率":0.02,"净增长":52.2339294027077},{"_time":49,"人口":2664.45623850539,"增长率":0.02,"净增长":53.2891247701078},{"_time":50,"人口":2718.28182489456,"增长率":0.02,"净增长":54.3656364978912},{"_time":51,"人口":2773.19476025507,"增长率":0.02,"净增长":55.4638952051015},{"_time":52,"人口":2829.21701049321,"增长率":0.02,"净增长":56.5843402098641},{"_time":53,"人口":2886.37098525596,"增长率":0.02,"净增长":57.7274197051193},{"_time":54,"人口":2944.67954689525,"增长率":0.02,"净增长":58.8935909379051},{"_time":55,