{"times":[0,1,2,3,4,5,6,7,8,9,10,11,12,13,14,15,16,17,18,19,20,21,22,23,24,25,26,27,28,29,30,31,32,33,34,35,36,37,38,39,40,41,42,43,44,45,46,47,48,49,50,51,52,53,54,55,56,57,58,59,60,61,62,63,64,65,66,67,68,69,70,71,72,73,74,75,76,77,78,79,80,81,82,83,84,85,86,87,88,89,90,91,92,93,94,95,96,97,98,99,100],"timeUnits":"years","series":{"Population":[1000,1020.20134,1040.8107741378,1061.83654646182,1083.28706756132,1105.17091793073,1127.49685140196,1150.27379864606,1173.5108707456,1197.21736283923,1221.40275783984,1246.0767302279,1271.24914992133,1296.9300862236,1323.12981185163,1349.85880704498,1377.12776375809,1404.94758993721,1433.32941388371,1462.28458870558,1491.82469685878,1521.96155478042,1552.70721761547,1584.07398403897,1616.0744011757,1648.72126961914,1682.02764855195,1716.00686096975,1750.67249901053,1786.03842939169,1822.1187989569,1858.92804033502,1896.48087771336,1934.79233272755,1973.87773047037,2013.75270562203,2054.43320870422,2095.93551246055,2138.27621836584,2181.47226326696,2225.54092615778,2270.49983509101,2316.36697422963,2363.16069104081,2410.89970363516,2459.6031082542,2509.2903869091,2559.98141517378,2611.69647013539,2664.45623850539,2718.28182489456,2773.19476025507,2829.21701049321,2886.37098525596,2944.67954689525,3004.16601961313,3064.85419879178,3126.768360512,3189.93327126395,3254.37419785406,3320.11691751214,3387.18772820256,3455.6134591438,3525.42148154054,3596.63971953245,3669.29666136423,3743.42137078131,3819.04349865573,3896.19329484686,3974.90162030179,4055.19995940005,4137.12043254788,4220.69580902673,4305.95952010145,4392.94567239325,4481.6890615228,4572.2251860289,4664.59026156844,4758.82123540307,4854.95580117866,4953.03241400325,5053.09030582955,5155.16950114832,5259.31083299864,5365.55595930173,5473.94737952461,5584.5284516805,5697.34340967257,5812.43738098813,5929.85640475018,6049.64745013371,6171.858435154,6296.53824583441,6423.73675576151,6553.50484603515,6685.89442562155,6820.95845211764,6958.75095293474,7099.3270469103,7242.74296635613,7389.0560795521],"Growth Rate":[0.02,0.02,0.02,0.02,0.02,0.02,0.02,0.02,0.02,0.02,0.02,0.02,0.02,0.02,0.02,0.02,0.02,0.02,0.02,0.02,0.02,0.02,0.02,0.02,0.02,0.02,0.02,0.02,0.02,0.02,0.02,0.02,0.02,0.02,0.02,0.02,0.02,0.02,0.02,0.02,0.02,0.02,0.02,0.02,0.02,0.02,0.02,0.02,0.02,0.02,0.02,0.02,0.02,0.02,0.02,0.02,0.02,0.02,0.02,0.02,0.02,0.02,0.02,0.02,0.02,0.02,0.02,0.02,0.02,0.02,0.02,0.02,0.02,0.02,0.02,0.02,0.02,0.02,0.02,0.02,0.02,0.02,0.02,0.02,0.02,0.02,0.02,0.02,0.02,0.02,0.02,0.02,0.02,0.02,0.02,0.02,0.02,0.02,0.02,0.02,0.02],"Net Growth":[20,20.4040268,20.8162154827559,21.2367309292363,21.6657413512263,22.1034183586145,22.5499370280391,23.0054759729212,23.470217414912,23.9443472567845,24.4280551567969,24.9215346045581,25.4249829984265,25.938601724472,26.4625962370326,26.9971761408996,27.5425552751618,28.0989517987442,28.6665882776742,29.2456917741115,29.8364939371756,30.4392310956084,31.0541443523093,31.6814796807794,32.3214880235139,32.9744253923829,33.640552971039,34.320137219395,35.0134499802106,35.7207685878339,36.442375979138,37.1785608067004,37.9296175542673,38.695846654551,39.4775546094074,40.2750541124406,41.0886641740844,41.9187102492109,42.7655243673167,43.6294452653392,44.5108185231557,45.4099967018202,46.3273394845926,47.2632138208163,48.2179940727033,49.1920621650839,50.1858077381819,51.1996283034756,52.2339294027077,53.2891247701078,54.3656364978912,55.4638952051015,56.5843402098641,57.7274197051193,58.8935909379051,60.0833203922626,61.2970839758357,62.5353672102401,63.798665425279,65.0874839570813,66.4023383502428,67.7437545640511,69.1122691828761,70.5084296308109,71.932794390649,73.3859332272845,74.8684274156262,76.3808699731146,77.9238658969373,79.4980324060357,81.1039991880011,82.7424086509576,84.4139161805345,86.119190402029,87.8589134478651,89.633781230456,91.444503720578,93.2918052313687,95.1764247080613,97.0991160235733,99.060648280065,101.061806116591,103.103390022966,105.186216659973,107.311119186035,109.478947590492,111.69056903361,113.946868193451,116.248747619763,118.597128095004,120.992949002674,123.43716870308,125.930764916688,128.47473511523,131.070096920703,133.717888512431,136.419169042353,139.175019058695,141.986540938206,144.854859327123,147.781121591042]},"table":[{"_time":0,"Population":1000,"Growth Rate":0.02,"Net Growth":20},{"_time":1,"Population":1020.20134,"Growth Rate":0.02,"Net Growth":20.4040268},{"_time":2,"Population":1040.8107741378,"Growth Rate":0.02,"Net Growth":20.8162154827559},{"_time":3,"Population":1061.83654646182,"Growth Rate":0.02,"Net Growth":21.2367309292363},{"_time":4,"Population":1083.28706756132,"Growth Rate":0.02,"Net Growth":21.6657413512263},{"_time":5,"Population":1105.17091793073,"Growth Rate":0.02,"Net Growth":22.1034183586145},{"_time":6,"Population":1127.49685140196,"Growth Rate":0.02,"Net Growth":22.5499370280391},{"_time":7,"Population":1150.27379864606,"Growth Rate":0.02,"Net Growth":23.0054759729212},{"_time":8,"Population":1173.5108707456,"Growth Rate":0.02,"Net Growth":23.470217414912},{"_time":9,"Population":1197.21736283923,"Growth Rate":0.02,"Net Growth":23.9443472567845},{"_time":10,"Population":1221.40275783984,"Growth Rate":0.02,"Net Growth":24.4280551567969},{"_time":11,"Population":1246.0767302279,"Growth Rate":0.02,"Net Growth":24.9215346045581},{"_time":12,"Population":1271.24914992133,"Growth Rate":0.02,"Net Growth":25.4249829984265},{"_time":13,"Population":1296.9300862236,"Growth Rate":0.02,"Net Growth":25.938601724472},{"_time":14,"Population":1323.12981185163,"Growth Rate":0.02,"Net Growth":26.4625962370326},{"_time":15,"Population":1349.85880704498,"Growth Rate":0.02,"Net Growth":26.9971761408996},{"_time":16,"Population":1377.12776375809,"Growth Rate":0.02,"Net Growth":27.5425552751618},{"_time":17,"Population":1404.94758993721,"Growth Rate":0.02,"Net Growth":28.0989517987442},{"_time":18,"Population":1433.32941388371,"Growth Rate":0.02,"Net Growth":28.6665882776742},{"_time":19,"Population":1462.28458870558,"Growth Rate":0.02,"Net Growth":29.2456917741115},{"_time":20,"Population":1491.82469685878,"Growth Rate":0.02,"Net Growth":29.8364939371756},{"_time":21,"Population":1521.96155478042,"Growth Rate":0.02,"Net Growth":30.4392310956084},{"_time":22,"Population":1552.70721761547,"Growth Rate":0.02,"Net Growth":31.0541443523093},{"_time":23,"Population":1584.07398403897,"Growth Rate":0.02,"Net Growth":31.6814796807794},{"_time":24,"Population":1616.0744011757,"Growth Rate":0.02,"Net Growth":32.3214880235139},{"_time":25,"Population":1648.72126961914,"Growth Rate":0.02,"Net Growth":32.9744253923829},{"_time":26,"Population":1682.02764855195,"Growth Rate":0.02,"Net Growth":33.640552971039},{"_time":27,"Population":1716.00686096975,"Growth Rate":0.02,"Net Growth":34.320137219395},{"_time":28,"Population":1750.67249901053,"Growth Rate":0.02,"Net Growth":35.0134499802106},{"_time":29,"Population":1786.03842939169,"Growth Rate":0.02,"Net Growth":35.7207685878339},{"_time":30,"Population":1822.1187989569,"Growth Rate":0.02,"Net Growth":36.442375979138},{"_time":31,"Population":1858.92804033502,"Growth Rate":0.02,"Net Growth":37.1785608067004},{"_time":32,"Population":1896.48087771336,"Growth Rate":0.02,"Net Growth":37.9296175542673},{"_time":33,"Population":1934.79233272755,"Growth Rate":0.02,"Net Growth":38.695846654551},{"_time":34,"Population":1973.87773047037,"Growth Rate":0.02,"Net Growth":39.4775546094074},{"_time":35,"Population":2013.75270562203,"Growth Rate":0.02,"Net Growth":40.2750541124406},{"_time":36,"Population":2054.43320870422,"Growth Rate":0.02,"Net Growth":41.0886641740844},{"_time":37,"Population":2095.93551246055,"Growth Rate":0.02,"Net Growth":41.9187102492109},{"_time":38,"Population":2138.27621836584,"Growth Rate":0.02,"Net Growth":42.7655243673167},{"_time":39,"Population":2181.47226326696,"Growth Rate":0.02,"Net Growth":43.6294452653392},{"_time":40,"Population":2225.54092615778,"Growth Rate":0.02,"Net Growth":44.5108185231557},{"_time":41,